,Links,Title,Meta-data(DESC),Internal,External,unigram,bi-gram,web-page size
0,https://www.exeterpremedia.com,Exeter - Happy Authors and Delighted Publishers,Transform production into a profit centre with Kriya cloud-based publishing platform and end-to-end publishing services from Exeter.,yes,no,"['Exeter', 'Premedia', 'Service', 'Kriya', 'us', 'Happy', 'US', 'Us', 'HappyAuthors', 'ExeterPremedia', 'More', 'SERVICES', 'Authors', 'Contact', 'UK', 'India', 'employees', '2019', 'Services']","[('Exeter', 'Premedia'), ('Service', 'Exeter'), ('Premedia', 'Service'), ('Kriya', 'HappyAuthors'), ('Happy', 'Authors'), ('Contact', 'Us'), ('Premedia', 'Exeter'), ('Markup', 'UK'), ('Independence', 'Day'), ('ExeterPremedia', 'Kriya'), ('Exeter', 'Kriya'), ('ExeterPremedia', 'Exeter'), ('2018Read', 'More'), ('Kriya', 'cloudbased'), ('US', 'careers'), ('CONTACT', 'US'), ('NEWS', 'CONTACT'), ('EVENTS', 'NEWS'), ('US', 'EVENTS')]",157.7041015625
1,https://www.exeterpremedia.com/wp-content/uploads/2019/06/rosen-publishing.webp,N/A,N/A,yes,no,"['Exeter', 'Premedia', 'Service', 'Kriya', 'us', 'Happy', 'US', 'Us', 'HappyAuthors', 'ExeterPremedia', 'More', 'SERVICES', 'Authors', 'Contact', 'UK', 'India', 'employees', '2019', 'Services']","[('Exeter', 'Premedia'), ('Service', 'Exeter'), ('Premedia', 'Service'), ('Kriya', 'HappyAuthors'), ('Happy', 'Authors'), ('Contact', 'Us'), ('Premedia', 'Exeter'), ('Markup', 'UK'), ('Independence', 'Day'), ('ExeterPremedia', 'Kriya'), ('Exeter', 'Kriya'), ('ExeterPremedia', 'Exeter'), ('2018Read', 'More'), ('Kriya', 'cloudbased'), ('US', 'careers'), ('CONTACT', 'US'), ('NEWS', 'CONTACT'), ('EVENTS', 'NEWS'), ('US', 'EVENTS')]",9.48046875
2,https://www.exeterpremedia.com/2018/04/,April 2018 - Exeter,N/A,yes,no,"['Exeter', 'Premedia', 'US', 'us', 'SERVICES', 'Us', 'Service', 'Kriya', 'About', 'Happy', 'Contact', 'India', 'April', 'UK', '2019', 'HappyAuthors', 'ExeterPremedia', 'Services', 'More']","[('Exeter', 'Premedia'), ('Service', 'Exeter'), ('Premedia', 'Service'), ('Kriya', 'HappyAuthors'), ('Happy', 'Authors'), ('Premedia', 'Exeter'), ('April', '2018'), ('Contact', 'Us'), ('Markup', 'UK'), ('Independence', 'Day'), ('ExeterPremedia', 'Kriya'), ('Exeter', 'Kriya'), ('ExeterPremedia', 'Exeter'), ('2018Read', 'More'), ('Kriya', 'cloudbased'), ('US', 'careers'), ('CONTACT', 'US'), ('NEWS', 'CONTACT'), ('EVENTS', 'NEWS')]",110.19921875
3,https://www.exeterpremedia.com/the-death-of-the-pdf/,The Death of the PDF? - Exeter,N/A,yes,no,"['Exeter', 'PDF', 'Premedia', 'The', 'US', 'us', 'SERVICES', 'Us', 'About', 'Kriya', 'Contact', 'It', 'India', 'Service', 'world', 'Death', 'careers', 'CONTACT', 'NEWS']","[('Exeter', 'Premedia'), ('Service', 'Exeter'), ('Premedia', 'Service'), ('The', 'Death'), ('Kriya', 'HappyAuthors'), ('Happy', 'Authors'), ('Death', 'PDF'), ('Premedia', 'Exeter'), ('access', 'content'), ('It', 'allows'), ('It', 'provides'), ('reading', 'experience'), ('mobile', 'device'), ('printed', 'book'), ('arrival', 'PDF'), ('Exeter', 'Blog'), ('April', '2018'), ('get', 'back'), ('Contact', 'Us')]",123.3720703125
4,https://www.linkedin.com/feed/hashtag/?keywords=%23YetAnotherHackathon,Sign Up | LinkedIn,"500 million+ members | Manage your professional identity. Build and engage with your professional network. Access knowledge, insights and opportunities.",no,yes,"['Exeter', 'PDF', 'Premedia', 'The', 'US', 'us', 'SERVICES', 'Us', 'About', 'Kriya', 'Contact', 'It', 'India', 'Service', 'world', 'Death', 'careers', 'CONTACT', 'NEWS']","[('Exeter', 'Premedia'), ('Service', 'Exeter'), ('Premedia', 'Service'), ('The', 'Death'), ('Kriya', 'HappyAuthors'), ('Happy', 'Authors'), ('Death', 'PDF'), ('Premedia', 'Exeter'), ('access', 'content'), ('It', 'allows'), ('It', 'provides'), ('reading', 'experience'), ('mobile', 'device'), ('printed', 'book'), ('arrival', 'PDF'), ('Exeter', 'Blog'), ('April', '2018'), ('get', 'back'), ('Contact', 'Us')]",24.4482421875
5,https://www.instagram.com/exeterpremedia/,"
Exeter Premedia's (@exeterpremedia) Instagram profile • 18 photos and videos
","95 Followers, 161 Following, 18 Posts - See Instagram photos and videos from Exeter Premedia (@exeterpremedia)",no,yes,"['Exeter', 'PDF', 'Premedia', 'The', 'US', 'us', 'SERVICES', 'Us', 'About', 'Kriya', 'Contact', 'It', 'India', 'Service', 'world', 'Death', 'careers', 'CONTACT', 'NEWS']","[('Exeter', 'Premedia'), ('Service', 'Exeter'), ('Premedia', 'Service'), ('The', 'Death'), ('Kriya', 'HappyAuthors'), ('Happy', 'Authors'), ('Death', 'PDF'), ('Premedia', 'Exeter'), ('access', 'content'), ('It', 'allows'), ('It', 'provides'), ('reading', 'experience'), ('mobile', 'device'), ('printed', 'book'), ('arrival', 'PDF'), ('Exeter', 'Blog'), ('April', '2018'), ('get', 'back'), ('Contact', 'Us')]",116.7353515625
6,https://www.exeterpremedia.com/wp-content/uploads/2019/06/taylor-and-francis.webp,N/A,N/A,yes,no,"['Exeter', 'PDF', 'Premedia', 'The', 'US', 'us', 'SERVICES', 'Us', 'About', 'Kriya', 'Contact', 'It', 'India', 'Service', 'world', 'Death', 'careers', 'CONTACT', 'NEWS']","[('Exeter', 'Premedia'), ('Service', 'Exeter'), ('Premedia', 'Service'), ('The', 'Death'), ('Kriya', 'HappyAuthors'), ('Happy', 'Authors'), ('Death', 'PDF'), ('Premedia', 'Exeter'), ('access', 'content'), ('It', 'allows'), ('It', 'provides'), ('reading', 'experience'), ('mobile', 'device'), ('printed', 'book'), ('arrival', 'PDF'), ('Exeter', 'Blog'), ('April', '2018'), ('get', 'back'), ('Contact', 'Us')]",12.130859375
7,https://www.exeterpremedia.com/wp-content/uploads/2019/06/british-institute-of-radiology.webp,N/A,N/A,yes,no,"['Exeter', 'PDF', 'Premedia', 'The', 'US', 'us', 'SERVICES', 'Us', 'About', 'Kriya', 'Contact', 'It', 'India', 'Service', 'world', 'Death', 'careers', 'CONTACT', 'NEWS']","[('Exeter', 'Premedia'), ('Service', 'Exeter'), ('Premedia', 'Service'), ('The', 'Death'), ('Kriya', 'HappyAuthors'), ('Happy', 'Authors'), ('Death', 'PDF'), ('Premedia', 'Exeter'), ('access', 'content'), ('It', 'allows'), ('It', 'provides'), ('reading', 'experience'), ('mobile', 'device'), ('printed', 'book'), ('arrival', 'PDF'), ('Exeter', 'Blog'), ('April', '2018'), ('get', 'back'), ('Contact', 'Us')]",8.205078125
8,https://www.exeterpremedia.com/about-us/,Exeter - All about authors and publishers,"At Exeter, we steadfastly believe that authors are the raison d'être for us. Providing a fantastic experience to authors and publishers is what we do.",yes,no,"['Exeter', 'US', 'PDF', 'Premedia', 'The', 'us', 'SERVICES', 'publishing', 'Us', 'About', 'Contact', 'It', 'India', 'Kriya', 'services', 'Happy', 'experience', 'careers', 'CONTACT']","[('Exeter', 'Premedia'), ('Service', 'Exeter'), ('Premedia', 'Service'), ('The', 'Death'), ('Kriya', 'HappyAuthors'), ('Death', 'PDF'), ('Premedia', 'Exeter'), ('many', 'successful'), ('technology', 'innovation'), ('across', 'geographies'), ('experience', 'authors'), ('fantastic', 'experience'), ('publishing', 'industry'), ('authors', 'publishers'), ('access', 'content'), ('It', 'allows'), ('It', 'provides'), ('reading', 'experience'), ('mobile', 'device')]",115.181640625
9,http://twitter.com//statuses/,N/A,N/A,no,yes,"['Exeter', 'US', 'PDF', 'Premedia', 'The', 'us', 'SERVICES', 'publishing', 'Us', 'About', 'Contact', 'It', 'India', 'Kriya', 'services', 'Happy', 'experience', 'careers', 'CONTACT']","[('Exeter', 'Premedia'), ('Service', 'Exeter'), ('Premedia', 'Service'), ('The', 'Death'), ('Kriya', 'HappyAuthors'), ('Death', 'PDF'), ('Premedia', 'Exeter'), ('many', 'successful'), ('technology', 'innovation'), ('across', 'geographies'), ('experience', 'authors'), ('fantastic', 'experience'), ('publishing', 'industry'), ('authors', 'publishers'), ('access', 'content'), ('It', 'allows'), ('It', 'provides'), ('reading', 'experience'), ('mobile', 'device')]",41.7138671875
10,https://www.linkedin.com/in/parivalavan-manoharan/,N/A,N/A,no,yes,"['Exeter', 'US', 'PDF', 'Premedia', 'The', 'us', 'SERVICES', 'publishing', 'Us', 'About', 'Contact', 'It', 'India', 'Kriya', 'services', 'Happy', 'experience', 'careers', 'CONTACT']","[('Exeter', 'Premedia'), ('Service', 'Exeter'), ('Premedia', 'Service'), ('The', 'Death'), ('Kriya', 'HappyAuthors'), ('Death', 'PDF'), ('Premedia', 'Exeter'), ('many', 'successful'), ('technology', 'innovation'), ('across', 'geographies'), ('experience', 'authors'), ('fantastic', 'experience'), ('publishing', 'industry'), ('authors', 'publishers'), ('access', 'content'), ('It', 'allows'), ('It', 'provides'), ('reading', 'experience'), ('mobile', 'device')]",N/A
11,https://www.exeterpremedia.com/wp-content/uploads/2019/06/momentum-press.webp,N/A,N/A,yes,no,"['Exeter', 'US', 'PDF', 'Premedia', 'The', 'us', 'SERVICES', 'publishing', 'Us', 'About', 'Contact', 'It', 'India', 'Kriya', 'services', 'Happy', 'experience', 'careers', 'CONTACT']","[('Exeter', 'Premedia'), ('Service', 'Exeter'), ('Premedia', 'Service'), ('The', 'Death'), ('Kriya', 'HappyAuthors'), ('Death', 'PDF'), ('Premedia', 'Exeter'), ('many', 'successful'), ('technology', 'innovation'), ('across', 'geographies'), ('experience', 'authors'), ('fantastic', 'experience'), ('publishing', 'industry'), ('authors', 'publishers'), ('access', 'content'), ('It', 'allows'), ('It', 'provides'), ('reading', 'experience'), ('mobile', 'device')]",15.115234375
12,https://www.linkedin.com/company/exeter-premedia-services,N/A,N/A,no,yes,"['Exeter', 'US', 'PDF', 'Premedia', 'The', 'us', 'SERVICES', 'publishing', 'Us', 'About', 'Contact', 'It', 'India', 'Kriya', 'services', 'Happy', 'experience', 'careers', 'CONTACT']","[('Exeter', 'Premedia'), ('Service', 'Exeter'), ('Premedia', 'Service'), ('The', 'Death'), ('Kriya', 'HappyAuthors'), ('Death', 'PDF'), ('Premedia', 'Exeter'), ('many', 'successful'), ('technology', 'innovation'), ('across', 'geographies'), ('experience', 'authors'), ('fantastic', 'experience'), ('publishing', 'industry'), ('authors', 'publishers'), ('access', 'content'), ('It', 'allows'), ('It', 'provides'), ('reading', 'experience'), ('mobile', 'device')]",N/A
13,https://www.exeterpremedia.com/wp-content/uploads/2019/06/royal-college-of-general-practitioners.webp,N/A,N/A,yes,no,"['Exeter', 'US', 'PDF', 'Premedia', 'The', 'us', 'SERVICES', 'publishing', 'Us', 'About', 'Contact', 'It', 'India', 'Kriya', 'services', 'Happy', 'experience', 'careers', 'CONTACT']","[('Exeter', 'Premedia'), ('Service', 'Exeter'), ('Premedia', 'Service'), ('The', 'Death'), ('Kriya', 'HappyAuthors'), ('Death', 'PDF'), ('Premedia', 'Exeter'), ('many', 'successful'), ('technology', 'innovation'), ('across', 'geographies'), ('experience', 'authors'), ('fantastic', 'experience'), ('publishing', 'industry'), ('authors', 'publishers'), ('access', 'content'), ('It', 'allows'), ('It', 'provides'), ('reading', 'experience'), ('mobile', 'device')]",15.994140625
14,https://twitter.com/Exeter_Premedia,N/A,N/A,no,yes,"['Exeter', 'US', 'PDF', 'Premedia', 'The', 'us', 'SERVICES', 'publishing', 'Us', 'About', 'Contact', 'It', 'India', 'Kriya', 'services', 'Happy', 'experience', 'careers', 'CONTACT']","[('Exeter', 'Premedia'), ('Service', 'Exeter'), ('Premedia', 'Service'), ('The', 'Death'), ('Kriya', 'HappyAuthors'), ('Death', 'PDF'), ('Premedia', 'Exeter'), ('many', 'successful'), ('technology', 'innovation'), ('across', 'geographies'), ('experience', 'authors'), ('fantastic', 'experience'), ('publishing', 'industry'), ('authors', 'publishers'), ('access', 'content'), ('It', 'allows'), ('It', 'provides'), ('reading', 'experience'), ('mobile', 'device')]",42.4326171875
15,https://www.facebook.com/exeterpremediaservices,"Exeter Premedia - வணிக மையம் - சென்னை, இந்தியா | Facebook - 59 படங்கள்","Exeter Premedia, சென்னை, இந்தியா. 194 விருப்பங்கள் · 8 பேர் இங்கிருந்தனர். We provide world-class digital publishing service by leveraging cutting-edge...",no,yes,"['Exeter', 'US', 'PDF', 'Premedia', 'The', 'us', 'SERVICES', 'publishing', 'Us', 'About', 'technology', 'Contact', 'It', 'India', 'Kriya', 'services', 'Happy', 'experience', 'careers']","[('Service', 'Exeter'), ('Premedia', 'Service'), ('The', 'Death'), ('AI', 'Replace'), ('Kriya', 'HappyAuthors'), ('technology', 'huge'), ('doubt', 'cuttingedge'), ('Theres', 'doubt'), ('humans', 'Theres'), ('threat', 'humans'), ('legitimate', 'threat'), ('jobs', 'legitimate'), ('taking', 'jobs'), ('AI', 'taking'), ('booming', 'AI'), ('keeps', 'booming'), ('technology', 'keeps'), ('new', 'technology'), ('As', 'new')]",586.349609375
16,https://www.linkedin.com/feed/hashtag/?keywords=%23Markup,Sign Up | LinkedIn,"500 million+ members | Manage your professional identity. Build and engage with your professional network. Access knowledge, insights and opportunities.",no,yes,"['Exeter', 'US', 'PDF', 'Premedia', 'The', 'us', 'SERVICES', 'publishing', 'Us', 'About', 'technology', 'Contact', 'It', 'India', 'Kriya', 'services', 'Happy', 'experience', 'Policy']","[('Service', 'Exeter'), ('Premedia', 'Service'), ('The', 'Death'), ('AI', 'Replace'), ('Kriya', 'HappyAuthors'), ('technology', 'huge'), ('doubt', 'cuttingedge'), ('Theres', 'doubt'), ('humans', 'Theres'), ('threat', 'humans'), ('legitimate', 'threat'), ('jobs', 'legitimate'), ('taking', 'jobs'), ('AI', 'taking'), ('booming', 'AI'), ('keeps', 'booming'), ('technology', 'keeps'), ('new', 'technology'), ('As', 'new')]",24.3515625
17,https://www.exeterpremedia.com/contact-us/,Exeter - Contact Us,"Reach us at ravi@exeterpremedia.com and +91-44-23452922, UK: +44-20-3287-2783, USA: +1-646-736-7767",yes,no,"['Exeter', 'US', 'SERVICES', 'PDF', 'Premedia', 'us', 'Us', 'The', 'About', 'publishing', 'Contact', 'India', 'technology', 'services', 'careers', 'CONTACT', 'NEWS', 'EVENTS', 'ABOUT']","[('Service', 'Exeter'), ('Premedia', 'Service'), ('The', 'Death'), ('AI', 'Replace'), ('Kriya', 'HappyAuthors'), ('technology', 'huge'), ('doubt', 'cuttingedge'), ('Theres', 'doubt'), ('humans', 'Theres'), ('threat', 'humans'), ('legitimate', 'threat'), ('jobs', 'legitimate'), ('taking', 'jobs'), ('AI', 'taking'), ('booming', 'AI'), ('keeps', 'booming'), ('technology', 'keeps'), ('new', 'technology'), ('As', 'new')]",104.9384765625
18,https://www.exeterpremedia.com/wp-content/uploads/2019/06/the-british-small-animal-veterinary-association.webp,N/A,N/A,yes,no,"['Exeter', 'US', 'SERVICES', 'PDF', 'Premedia', 'us', 'Us', 'The', 'About', 'publishing', 'Contact', 'India', 'technology', 'services', 'careers', 'CONTACT', 'NEWS', 'EVENTS', 'ABOUT']","[('Service', 'Exeter'), ('Premedia', 'Service'), ('The', 'Death'), ('AI', 'Replace'), ('Kriya', 'HappyAuthors'), ('technology', 'huge'), ('doubt', 'cuttingedge'), ('Theres', 'doubt'), ('humans', 'Theres'), ('threat', 'humans'), ('legitimate', 'threat'), ('jobs', 'legitimate'), ('taking', 'jobs'), ('AI', 'taking'), ('booming', 'AI'), ('keeps', 'booming'), ('technology', 'keeps'), ('new', 'technology'), ('As', 'new')]",18.36328125
19,https://www.linkedin.com/in/jaishankarn/,N/A,N/A,no,yes,"['Exeter', 'US', 'SERVICES', 'PDF', 'Premedia', 'us', 'Us', 'The', 'About', 'publishing', 'Contact', 'India', 'technology', 'services', 'careers', 'CONTACT', 'NEWS', 'EVENTS', 'ABOUT']","[('Service', 'Exeter'), ('Premedia', 'Service'), ('The', 'Death'), ('AI', 'Replace'), ('Kriya', 'HappyAuthors'), ('technology', 'huge'), ('doubt', 'cuttingedge'), ('Theres', 'doubt'), ('humans', 'Theres'), ('threat', 'humans'), ('legitimate', 'threat'), ('jobs', 'legitimate'), ('taking', 'jobs'), ('AI', 'taking'), ('booming', 'AI'), ('keeps', 'booming'), ('technology', 'keeps'), ('new', 'technology'), ('As', 'new')]",N/A
20,https://www.linkedin.com/company/markup-uk/,N/A,N/A,no,yes,"['Exeter', 'US', 'SERVICES', 'PDF', 'Premedia', 'us', 'Us', 'The', 'About', 'publishing', 'Contact', 'India', 'technology', 'services', 'careers', 'CONTACT', 'NEWS', 'EVENTS', 'ABOUT']","[('Service', 'Exeter'), ('Premedia', 'Service'), ('The', 'Death'), ('AI', 'Replace'), ('Kriya', 'HappyAuthors'), ('technology', 'huge'), ('doubt', 'cuttingedge'), ('Theres', 'doubt'), ('humans', 'Theres'), ('threat', 'humans'), ('legitimate', 'threat'), ('jobs', 'legitimate'), ('taking', 'jobs'), ('AI', 'taking'), ('booming', 'AI'), ('keeps', 'booming'), ('technology', 'keeps'), ('new', 'technology'), ('As', 'new')]",N/A
21,https://www.exeterpremedia.com/wp-content/uploads/2019/06/springer-publishing-company.webp,N/A,N/A,yes,no,"['Exeter', 'US', 'SERVICES', 'PDF', 'Premedia', 'us', 'Us', 'The', 'About', 'publishing', 'Contact', 'India', 'technology', 'services', 'careers', 'CONTACT', 'NEWS', 'EVENTS', 'ABOUT']","[('Service', 'Exeter'), ('Premedia', 'Service'), ('The', 'Death'), ('AI', 'Replace'), ('Kriya', 'HappyAuthors'), ('technology', 'huge'), ('doubt', 'cuttingedge'), ('Theres', 'doubt'), ('humans', 'Theres'), ('threat', 'humans'), ('legitimate', 'threat'), ('jobs', 'legitimate'), ('taking', 'jobs'), ('AI', 'taking'), ('booming', 'AI'), ('keeps', 'booming'), ('technology', 'keeps'), ('new', 'technology'), ('As', 'new')]",6.478515625
22,https://www.linkedin.com/feed/hashtag/?keywords=%23ScholarlyPublishing,Sign Up | LinkedIn,"500 million+ members | Manage your professional identity. Build and engage with your professional network. Access knowledge, insights and opportunities.",no,yes,"['Exeter', 'US', 'SERVICES', 'PDF', 'Premedia', 'us', 'Us', 'The', 'About', 'publishing', 'Contact', 'India', 'technology', 'Policy', 'services', 'LinkedIn', 'careers', 'CONTACT', 'NEWS']","[('Service', 'Exeter'), ('Premedia', 'Service'), ('The', 'Death'), ('AI', 'Replace'), ('Kriya', 'HappyAuthors'), ('technology', 'huge'), ('doubt', 'cuttingedge'), ('Theres', 'doubt'), ('humans', 'Theres'), ('threat', 'humans'), ('legitimate', 'threat'), ('jobs', 'legitimate'), ('taking', 'jobs'), ('AI', 'taking'), ('booming', 'AI'), ('keeps', 'booming'), ('technology', 'keeps'), ('new', 'technology'), ('As', 'new')]",24.4482421875
23,https://www.exeterpremedia.com/wp-content/uploads/2019/06/royal-college-of-surgeons.webp,N/A,N/A,yes,no,"['Exeter', 'US', 'SERVICES', 'PDF', 'Premedia', 'us', 'Us', 'The', 'About', 'publishing', 'Contact', 'India', 'technology', 'Policy', 'services', 'LinkedIn', 'careers', 'CONTACT', 'NEWS']","[('Service', 'Exeter'), ('Premedia', 'Service'), ('The', 'Death'), ('AI', 'Replace'), ('Kriya', 'HappyAuthors'), ('technology', 'huge'), ('doubt', 'cuttingedge'), ('Theres', 'doubt'), ('humans', 'Theres'), ('threat', 'humans'), ('legitimate', 'threat'), ('jobs', 'legitimate'), ('taking', 'jobs'), ('AI', 'taking'), ('booming', 'AI'), ('keeps', 'booming'), ('technology', 'keeps'), ('new', 'technology'), ('As', 'new')]",17.576171875
24,https://www.linkedin.com/feed/hashtag/?keywords=%23Books,Sign Up | LinkedIn,"500 million+ members | Manage your professional identity. Build and engage with your professional network. Access knowledge, insights and opportunities.",no,yes,"['Exeter', 'US', 'SERVICES', 'PDF', 'Premedia', 'us', 'Us', 'The', 'About', 'publishing', 'Policy', 'LinkedIn', 'Contact', 'India', 'technology', 'services', 'careers', 'CONTACT', 'NEWS']","[('Service', 'Exeter'), ('Premedia', 'Service'), ('The', 'Death'), ('AI', 'Replace'), ('Kriya', 'HappyAuthors'), ('technology', 'huge'), ('doubt', 'cuttingedge'), ('Theres', 'doubt'), ('humans', 'Theres'), ('threat', 'humans'), ('legitimate', 'threat'), ('jobs', 'legitimate'), ('taking', 'jobs'), ('AI', 'taking'), ('booming', 'AI'), ('keeps', 'booming'), ('technology', 'keeps'), ('new', 'technology'), ('As', 'new')]",24.44140625
25,https://www.linkedin.com/feed/hashtag/?keywords=%23Journals,Sign Up | LinkedIn,"500 million+ members | Manage your professional identity. Build and engage with your professional network. Access knowledge, insights and opportunities.",no,yes,"['Exeter', 'US', 'SERVICES', 'PDF', 'Premedia', 'us', 'Us', 'LinkedIn', 'The', 'Policy', 'About', 'publishing', 'Contact', 'India', 'technology', 'services', 'Chinese', 'Agree', 'Sign']","[('Service', 'Exeter'), ('Premedia', 'Service'), ('The', 'Death'), ('AI', 'Replace'), ('Kriya', 'HappyAuthors'), ('technology', 'huge'), ('doubt', 'cuttingedge'), ('Theres', 'doubt'), ('humans', 'Theres'), ('threat', 'humans'), ('legitimate', 'threat'), ('jobs', 'legitimate'), ('taking', 'jobs'), ('AI', 'taking'), ('booming', 'AI'), ('keeps', 'booming'), ('technology', 'keeps'), ('new', 'technology'), ('As', 'new')]",24.4560546875
26,https://www.exeterpremedia.com/wp-content/uploads/2019/06/cabi.webp,N/A,N/A,yes,no,"['Exeter', 'US', 'SERVICES', 'PDF', 'Premedia', 'us', 'Us', 'LinkedIn', 'The', 'Policy', 'About', 'publishing', 'Contact', 'India', 'technology', 'services', 'Chinese', 'Agree', 'Sign']","[('Service', 'Exeter'), ('Premedia', 'Service'), ('The', 'Death'), ('AI', 'Replace'), ('Kriya', 'HappyAuthors'), ('technology', 'huge'), ('doubt', 'cuttingedge'), ('Theres', 'doubt'), ('humans', 'Theres'), ('threat', 'humans'), ('legitimate', 'threat'), ('jobs', 'legitimate'), ('taking', 'jobs'), ('AI', 'taking'), ('booming', 'AI'), ('keeps', 'booming'), ('technology', 'keeps'), ('new', 'technology'), ('As', 'new')]",7.1640625
27,https://www.kriyadocs.com/,Home - Kriyadocs,N/A,no,yes,"['Exeter', 'PDF', 'US', 'us', 'Premedia', 'The', 'SERVICES', 'Us', 'kriyadocs', 'content', 'publishing', 'LinkedIn', 'About', 'Policy', 'Contact', 'India', 'I', 'get', 'technology']","[('Service', 'Exeter'), ('Premedia', 'Service'), ('The', 'Death'), ('AI', 'Replace'), ('Kriya', 'HappyAuthors'), ('Schedule', 'Demo'), ('technology', 'huge'), ('doubt', 'cuttingedge'), ('Theres', 'doubt'), ('humans', 'Theres'), ('threat', 'humans'), ('legitimate', 'threat'), ('jobs', 'legitimate'), ('taking', 'jobs'), ('AI', 'taking'), ('booming', 'AI'), ('keeps', 'booming'), ('technology', 'keeps'), ('new', 'technology')]",99.078125
28,https://www.linkedin.com/in/ravi-venkataramani-8558534/,N/A,N/A,no,yes,"['Exeter', 'PDF', 'US', 'us', 'Premedia', 'The', 'SERVICES', 'Us', 'kriyadocs', 'content', 'publishing', 'LinkedIn', 'About', 'Policy', 'Contact', 'India', 'I', 'get', 'technology']","[('Service', 'Exeter'), ('Premedia', 'Service'), ('The', 'Death'), ('AI', 'Replace'), ('Kriya', 'HappyAuthors'), ('Schedule', 'Demo'), ('technology', 'huge'), ('doubt', 'cuttingedge'), ('Theres', 'doubt'), ('humans', 'Theres'), ('threat', 'humans'), ('legitimate', 'threat'), ('jobs', 'legitimate'), ('taking', 'jobs'), ('AI', 'taking'), ('booming', 'AI'), ('keeps', 'booming'), ('technology', 'keeps'), ('new', 'technology')]",N/A
29,https://www.exeterpremedia.com/wp-content/uploads/2019/06/bsi-group.webp,N/A,N/A,yes,no,"['Exeter', 'PDF', 'US', 'us', 'Premedia', 'The', 'SERVICES', 'Us', 'kriyadocs', 'content', 'publishing', 'LinkedIn', 'About', 'Policy', 'Contact', 'India', 'I', 'get', 'technology']","[('Service', 'Exeter'), ('Premedia', 'Service'), ('The', 'Death'), ('AI', 'Replace'), ('Kriya', 'HappyAuthors'), ('Schedule', 'Demo'), ('technology', 'huge'), ('doubt', 'cuttingedge'), ('Theres', 'doubt'), ('humans', 'Theres'), ('threat', 'humans'), ('legitimate', 'threat'), ('jobs', 'legitimate'), ('taking', 'jobs'), ('AI', 'taking'), ('booming', 'AI'), ('keeps', 'booming'), ('technology', 'keeps'), ('new', 'technology')]",2.734375
30,https://www.exeterpremedia.com/blog/,Exeter - Blog,Latest thinking and perspectives on publishing from Exeter and Kriya.,yes,no,"['Exeter', 'US', 'us', 'PDF', 'The', 'SERVICES', 'Us', 'Premedia', 'About', 'Contact', 'publishing', 'kriyadocs', 'content', 'Policy', 'LinkedIn', 'India', 'I', 'get', 'services']","[('Service', 'Exeter'), ('Premedia', 'Service'), ('Read', 'More'), ('AI', 'Replace'), ('Kriya', 'HappyAuthors'), ('Schedule', 'Demo'), ('technology', 'huge'), ('doubt', 'cuttingedge'), ('Theres', 'doubt'), ('humans', 'Theres'), ('threat', 'humans'), ('legitimate', 'threat'), ('jobs', 'legitimate'), ('taking', 'jobs'), ('AI', 'taking'), ('booming', 'AI'), ('keeps', 'booming'), ('technology', 'keeps'), ('new', 'technology')]",114.1220703125
31,https://www.exeterpremedia.com/wp-content/uploads/2019/06/bmj-group.webp,N/A,N/A,yes,no,"['Exeter', 'US', 'us', 'PDF', 'The', 'SERVICES', 'Us', 'Premedia', 'About', 'Contact', 'publishing', 'kriyadocs', 'content', 'Policy', 'LinkedIn', 'India', 'I', 'get', 'services']","[('Service', 'Exeter'), ('Premedia', 'Service'), ('Read', 'More'), ('AI', 'Replace'), ('Kriya', 'HappyAuthors'), ('Schedule', 'Demo'), ('technology', 'huge'), ('doubt', 'cuttingedge'), ('Theres', 'doubt'), ('humans', 'Theres'), ('threat', 'humans'), ('legitimate', 'threat'), ('jobs', 'legitimate'), ('taking', 'jobs'), ('AI', 'taking'), ('booming', 'AI'), ('keeps', 'booming'), ('technology', 'keeps'), ('new', 'technology')]",3.333984375
32,https://www.linkedin.com/feed/hashtag/?keywords=%23Fbf19,Sign Up | LinkedIn,"500 million+ members | Manage your professional identity. Build and engage with your professional network. Access knowledge, insights and opportunities.",no,yes,"['Exeter', 'US', 'us', 'PDF', 'The', 'SERVICES', 'Us', 'Premedia', 'LinkedIn', 'About', 'Policy', 'Contact', 'publishing', 'kriyadocs', 'content', 'India', 'I', 'get', 'Privacy']","[('Service', 'Exeter'), ('Premedia', 'Service'), ('Read', 'More'), ('AI', 'Replace'), ('Kriya', 'HappyAuthors'), ('Schedule', 'Demo'), ('technology', 'huge'), ('doubt', 'cuttingedge'), ('Theres', 'doubt'), ('humans', 'Theres'), ('threat', 'humans'), ('legitimate', 'threat'), ('jobs', 'legitimate'), ('taking', 'jobs'), ('AI', 'taking'), ('booming', 'AI'), ('keeps', 'booming'), ('technology', 'keeps'), ('new', 'technology')]",24.3466796875
33,https://www.exeterpremedia.com/wp-content/uploads/2019/06/microbiology-society.webp,N/A,N/A,yes,no,"['Exeter', 'US', 'us', 'PDF', 'The', 'SERVICES', 'Us', 'Premedia', 'LinkedIn', 'About', 'Policy', 'Contact', 'publishing', 'kriyadocs', 'content', 'India', 'I', 'get', 'Privacy']","[('Service', 'Exeter'), ('Premedia', 'Service'), ('Read', 'More'), ('AI', 'Replace'), ('Kriya', 'HappyAuthors'), ('Schedule', 'Demo'), ('technology', 'huge'), ('doubt', 'cuttingedge'), ('Theres', 'doubt'), ('humans', 'Theres'), ('threat', 'humans'), ('legitimate', 'threat'), ('jobs', 'legitimate'), ('taking', 'jobs'), ('AI', 'taking'), ('booming', 'AI'), ('keeps', 'booming'), ('technology', 'keeps'), ('new', 'technology')]",13.9765625
34,https://www.linkedin.com/feed/hashtag/?keywords=%23MarkupUK2019,Sign Up | LinkedIn,"500 million+ members | Manage your professional identity. Build and engage with your professional network. Access knowledge, insights and opportunities.",no,yes,"['Exeter', 'US', 'us', 'PDF', 'The', 'SERVICES', 'LinkedIn', 'Us', 'Policy', 'Premedia', 'About', 'Contact', 'publishing', 'kriyadocs', 'content', 'India', 'Chinese', 'Agree', 'Sign']","[('Service', 'Exeter'), ('Premedia', 'Service'), ('Read', 'More'), ('AI', 'Replace'), ('Kriya', 'HappyAuthors'), ('Schedule', 'Demo'), ('technology', 'huge'), ('doubt', 'cuttingedge'), ('Theres', 'doubt'), ('humans', 'Theres'), ('threat', 'humans'), ('legitimate', 'threat'), ('jobs', 'legitimate'), ('taking', 'jobs'), ('AI', 'taking'), ('booming', 'AI'), ('keeps', 'booming'), ('technology', 'keeps'), ('new', 'technology')]",24.5087890625
35,https://www.linkedin.com/feed/hashtag/?keywords=%23Acmsvce,Sign Up | LinkedIn,"500 million+ members | Manage your professional identity. Build and engage with your professional network. Access knowledge, insights and opportunities.",no,yes,"['Exeter', 'US', 'us', 'PDF', 'LinkedIn', 'The', 'SERVICES', 'Policy', 'Us', 'Premedia', 'About', 'Contact', 'publishing', 'kriyadocs', 'Chinese', 'Agree', 'Sign', 'content', 'Privacy']","[('Service', 'Exeter'), ('Premedia', 'Service'), ('Read', 'More'), ('AI', 'Replace'), ('Kriya', 'HappyAuthors'), ('Schedule', 'Demo'), ('technology', 'huge'), ('doubt', 'cuttingedge'), ('Theres', 'doubt'), ('humans', 'Theres'), ('threat', 'humans'), ('legitimate', 'threat'), ('jobs', 'legitimate'), ('taking', 'jobs'), ('AI', 'taking'), ('booming', 'AI'), ('keeps', 'booming'), ('technology', 'keeps'), ('new', 'technology')]",24.451171875
36,https://www.linkedin.com/feed/hashtag/?keywords=%23Exeter,Sign Up | LinkedIn,"500 million+ members | Manage your professional identity. Build and engage with your professional network. Access knowledge, insights and opportunities.",no,yes,"['Exeter', 'US', 'LinkedIn', 'us', 'PDF', 'Policy', 'The', 'SERVICES', 'Us', 'Premedia', 'About', 'Chinese', 'Agree', 'Sign', 'Contact', 'publishing', 'kriyadocs', 'content', 'Privacy']","[('Service', 'Exeter'), ('Premedia', 'Service'), ('Read', 'More'), ('AI', 'Replace'), ('Kriya', 'HappyAuthors'), ('Schedule', 'Demo'), ('technology', 'huge'), ('doubt', 'cuttingedge'), ('Theres', 'doubt'), ('humans', 'Theres'), ('threat', 'humans'), ('legitimate', 'threat'), ('jobs', 'legitimate'), ('taking', 'jobs'), ('AI', 'taking'), ('booming', 'AI'), ('keeps', 'booming'), ('technology', 'keeps'), ('new', 'technology')]",24.3515625
37,https://www.exeterpremedia.com/making-collaboration-work/,Making collaboration work - Exeter,N/A,yes,no,"['Exeter', 'US', 'us', 'LinkedIn', 'SERVICES', 'The', 'PDF', 'Policy', 'Us', 'About', 'Premedia', 'collaboration', 'Contact', 'work', 'Chinese', 'Agree', 'Sign', 'It', 'publishing']","[('Service', 'Exeter'), ('Premedia', 'Service'), ('Read', 'More'), ('collaboration', 'work'), ('Making', 'collaboration'), ('work', 'together'), ('AI', 'Replace'), ('Kriya', 'HappyAuthors'), ('achieve', 'goals'), ('Schedule', 'Demo'), ('technology', 'huge'), ('doubt', 'cuttingedge'), ('Theres', 'doubt'), ('humans', 'Theres'), ('threat', 'humans'), ('legitimate', 'threat'), ('jobs', 'legitimate'), ('taking', 'jobs'), ('AI', 'taking')]",126.69140625
38,"https://www.linkedin.com/feed/hashtag/?keywords=%23CloudPublishing""""",Sign Up | LinkedIn,"500 million+ members | Manage your professional identity. Build and engage with your professional network. Access knowledge, insights and opportunities.",no,yes,"['Exeter', 'US', 'LinkedIn', 'us', 'SERVICES', 'Policy', 'The', 'PDF', 'Us', 'About', 'Chinese', 'Agree', 'Sign', 'Premedia', 'collaboration', 'Contact', 'work', 'Privacy', 'It']","[('Service', 'Exeter'), ('Premedia', 'Service'), ('Read', 'More'), ('collaboration', 'work'), ('Making', 'collaboration'), ('work', 'together'), ('AI', 'Replace'), ('Kriya', 'HappyAuthors'), ('achieve', 'goals'), ('Schedule', 'Demo'), ('technology', 'huge'), ('doubt', 'cuttingedge'), ('Theres', 'doubt'), ('humans', 'Theres'), ('threat', 'humans'), ('legitimate', 'threat'), ('jobs', 'legitimate'), ('taking', 'jobs'), ('AI', 'taking')]",24.4736328125
39,https://www.linkedin.com/feed/hashtag/?keywords=%23ExeterPremedia,Sign Up | LinkedIn,"500 million+ members | Manage your professional identity. Build and engage with your professional network. Access knowledge, insights and opportunities.",no,yes,"['Exeter', 'US', 'LinkedIn', 'Policy', 'us', 'SERVICES', 'The', 'PDF', 'Us', 'Chinese', 'Agree', 'Sign', 'About', 'Premedia', 'collaboration', 'Privacy', 'Contact', 'work', 'It']","[('Service', 'Exeter'), ('Premedia', 'Service'), ('Read', 'More'), ('collaboration', 'work'), ('Making', 'collaboration'), ('work', 'together'), ('AI', 'Replace'), ('Kriya', 'HappyAuthors'), ('achieve', 'goals'), ('Schedule', 'Demo'), ('technology', 'huge'), ('doubt', 'cuttingedge'), ('Theres', 'doubt'), ('humans', 'Theres'), ('threat', 'humans'), ('legitimate', 'threat'), ('jobs', 'legitimate'), ('taking', 'jobs'), ('AI', 'taking')]",N/A
40,https://careers.exeterpremedia.com/jobs/Careers,Jobs at Careers,Everyone at Careers is free to explore and work the way you want. Come join us!,no,yes,"['Exeter', 'US', 'LinkedIn', 'Policy', 'us', 'SERVICES', 'The', 'PDF', 'Us', 'Chinese', 'Agree', 'Sign', 'About', 'Premedia', 'collaboration', 'Privacy', 'Contact', 'work', 'It']","[('Service', 'Exeter'), ('Premedia', 'Service'), ('Read', 'More'), ('collaboration', 'work'), ('Making', 'collaboration'), ('work', 'together'), ('AI', 'Replace'), ('Kriya', 'HappyAuthors'), ('achieve', 'goals'), ('Schedule', 'Demo'), ('technology', 'huge'), ('doubt', 'cuttingedge'), ('Theres', 'doubt'), ('humans', 'Theres'), ('threat', 'humans'), ('legitimate', 'threat'), ('jobs', 'legitimate'), ('taking', 'jobs'), ('AI', 'taking')]",21.6552734375
41,https://www.exeterpremedia.com/wp-content/uploads/2019/06/brill.webp,N/A,N/A,yes,no,"['Exeter', 'US', 'LinkedIn', 'Policy', 'us', 'SERVICES', 'The', 'PDF', 'Us', 'Chinese', 'Agree', 'Sign', 'About', 'Premedia', 'collaboration', 'Privacy', 'Contact', 'work', 'It']","[('Service', 'Exeter'), ('Premedia', 'Service'), ('Read', 'More'), ('collaboration', 'work'), ('Making', 'collaboration'), ('work', 'together'), ('AI', 'Replace'), ('Kriya', 'HappyAuthors'), ('achieve', 'goals'), ('Schedule', 'Demo'), ('technology', 'huge'), ('doubt', 'cuttingedge'), ('Theres', 'doubt'), ('humans', 'Theres'), ('threat', 'humans'), ('legitimate', 'threat'), ('jobs', 'legitimate'), ('taking', 'jobs'), ('AI', 'taking')]",9.9609375
42,https://www.linkedin.com/company/2081042/admin/,N/A,N/A,no,yes,"['Exeter', 'US', 'LinkedIn', 'Policy', 'us', 'SERVICES', 'The', 'PDF', 'Us', 'Chinese', 'Agree', 'Sign', 'About', 'Premedia', 'collaboration', 'Privacy', 'Contact', 'work', 'It']","[('Service', 'Exeter'), ('Premedia', 'Service'), ('Read', 'More'), ('collaboration', 'work'), ('Making', 'collaboration'), ('work', 'together'), ('AI', 'Replace'), ('Kriya', 'HappyAuthors'), ('achieve', 'goals'), ('Schedule', 'Demo'), ('technology', 'huge'), ('doubt', 'cuttingedge'), ('Theres', 'doubt'), ('humans', 'Theres'), ('threat', 'humans'), ('legitimate', 'threat'), ('jobs', 'legitimate'), ('taking', 'jobs'), ('AI', 'taking')]",N/A
43,https://www.exeterpremedia.com/events/,Exeter - Events,Exeter and Kriya team participates in global events to connect with the industry. Check out our recent events.,yes,no,"['Exeter', 'US', 'LinkedIn', 'us', 'SERVICES', 'Policy', 'Us', 'The', 'PDF', 'About', 'Chinese', 'Agree', 'Sign', '2019', 'Contact', 'Privacy', 'Premedia', 'collaboration', 'India']","[('Service', 'Exeter'), ('Premedia', 'Service'), ('Read', 'More'), ('collaboration', 'work'), ('Making', 'collaboration'), ('work', 'together'), ('AI', 'Replace'), ('Kriya', 'HappyAuthors'), ('London', 'UK'), ('achieve', 'goals'), ('Schedule', 'Demo'), ('technology', 'huge'), ('doubt', 'cuttingedge'), ('Theres', 'doubt'), ('humans', 'Theres'), ('threat', 'humans'), ('legitimate', 'threat'), ('jobs', 'legitimate'), ('taking', 'jobs')]",114.79296875
44,https://www.exeterpremedia.com/wp-content/uploads/2019/06/summer-game-books.webp,N/A,N/A,yes,no,"['Exeter', 'US', 'LinkedIn', 'us', 'SERVICES', 'Policy', 'Us', 'The', 'PDF', 'About', 'Chinese', 'Agree', 'Sign', '2019', 'Contact', 'Privacy', 'Premedia', 'collaboration', 'India']","[('Service', 'Exeter'), ('Premedia', 'Service'), ('Read', 'More'), ('collaboration', 'work'), ('Making', 'collaboration'), ('work', 'together'), ('AI', 'Replace'), ('Kriya', 'HappyAuthors'), ('London', 'UK'), ('achieve', 'goals'), ('Schedule', 'Demo'), ('technology', 'huge'), ('doubt', 'cuttingedge'), ('Theres', 'doubt'), ('humans', 'Theres'), ('threat', 'humans'), ('legitimate', 'threat'), ('jobs', 'legitimate'), ('taking', 'jobs')]",15.251953125
45,https://www.linkedin.com/feed/hashtag/?keywords=%23AcademicPublishing,Sign Up | LinkedIn,"500 million+ members | Manage your professional identity. Build and engage with your professional network. Access knowledge, insights and opportunities.",no,yes,"['Exeter', 'US', 'LinkedIn', 'Policy', 'us', 'SERVICES', 'Us', 'The', 'PDF', 'About', 'Chinese', 'Agree', 'Sign', '2019', 'Privacy', 'Contact', 'Premedia', 'collaboration', 'India']","[('Service', 'Exeter'), ('Premedia', 'Service'), ('Read', 'More'), ('collaboration', 'work'), ('Making', 'collaboration'), ('work', 'together'), ('AI', 'Replace'), ('Kriya', 'HappyAuthors'), ('London', 'UK'), ('achieve', 'goals'), ('Schedule', 'Demo'), ('technology', 'huge'), ('doubt', 'cuttingedge'), ('Theres', 'doubt'), ('humans', 'Theres'), ('threat', 'humans'), ('legitimate', 'threat'), ('jobs', 'legitimate'), ('taking', 'jobs')]",24.5048828125
46,https://www.exeterpremedia.com/wp-content/uploads/2019/06/stylus-publishing-llc.webp,N/A,N/A,yes,no,"['Exeter', 'US', 'LinkedIn', 'Policy', 'us', 'SERVICES', 'Us', 'The', 'PDF', 'About', 'Chinese', 'Agree', 'Sign', '2019', 'Privacy', 'Contact', 'Premedia', 'collaboration', 'India']","[('Service', 'Exeter'), ('Premedia', 'Service'), ('Read', 'More'), ('collaboration', 'work'), ('Making', 'collaboration'), ('work', 'together'), ('AI', 'Replace'), ('Kriya', 'HappyAuthors'), ('London', 'UK'), ('achieve', 'goals'), ('Schedule', 'Demo'), ('technology', 'huge'), ('doubt', 'cuttingedge'), ('Theres', 'doubt'), ('humans', 'Theres'), ('threat', 'humans'), ('legitimate', 'threat'), ('jobs', 'legitimate'), ('taking', 'jobs')]",8.552734375
47,https://www.linkedin.com/feed/hashtag/?keywords=%23PublishingServices,Sign Up | LinkedIn,"500 million+ members | Manage your professional identity. Build and engage with your professional network. Access knowledge, insights and opportunities.",no,yes,"['Exeter', 'US', 'LinkedIn', 'Policy', 'us', 'SERVICES', 'Us', 'The', 'Chinese', 'Agree', 'Sign', 'PDF', 'About', 'Privacy', '2019', 'Contact', 'Premedia', 'collaboration', 'Make']","[('Service', 'Exeter'), ('Premedia', 'Service'), ('Read', 'More'), ('collaboration', 'work'), ('Making', 'collaboration'), ('work', 'together'), ('AI', 'Replace'), ('Kriya', 'HappyAuthors'), ('London', 'UK'), ('achieve', 'goals'), ('Schedule', 'Demo'), ('technology', 'huge'), ('doubt', 'cuttingedge'), ('Theres', 'doubt'), ('humans', 'Theres'), ('threat', 'humans'), ('legitimate', 'threat'), ('jobs', 'legitimate'), ('taking', 'jobs')]",24.443359375
48,https://www.linkedin.com/feed/hashtag/?keywords=%23SVCE,Sign Up | LinkedIn,"500 million+ members | Manage your professional identity. Build and engage with your professional network. Access knowledge, insights and opportunities.",no,yes,"['Exeter', 'LinkedIn', 'US', 'Policy', 'us', 'SERVICES', 'Chinese', 'Agree', 'Sign', 'Us', 'The', 'PDF', 'About', 'Privacy', '2019', 'Contact', 'Make', 'Premedia', 'collaboration']","[('Service', 'Exeter'), ('Premedia', 'Service'), ('Read', 'More'), ('collaboration', 'work'), ('Making', 'collaboration'), ('work', 'together'), ('AI', 'Replace'), ('Kriya', 'HappyAuthors'), ('London', 'UK'), ('achieve', 'goals'), ('Schedule', 'Demo'), ('technology', 'huge'), ('doubt', 'cuttingedge'), ('Theres', 'doubt'), ('humans', 'Theres'), ('threat', 'humans'), ('legitimate', 'threat'), ('jobs', 'legitimate'), ('taking', 'jobs')]",24.384765625
49,https://www.exeterpremedia.com/wp-content/uploads/2019/06/bolinda-publishing-llc.webp,N/A,N/A,yes,no,"['Exeter', 'LinkedIn', 'US', 'Policy', 'us', 'SERVICES', 'Chinese', 'Agree', 'Sign', 'Us', 'The', 'PDF', 'About', 'Privacy', '2019', 'Contact', 'Make', 'Premedia', 'collaboration']","[('Service', 'Exeter'), ('Premedia', 'Service'), ('Read', 'More'), ('collaboration', 'work'), ('Making', 'collaboration'), ('work', 'together'), ('AI', 'Replace'), ('Kriya', 'HappyAuthors'), ('London', 'UK'), ('achieve', 'goals'), ('Schedule', 'Demo'), ('technology', 'huge'), ('doubt', 'cuttingedge'), ('Theres', 'doubt'), ('humans', 'Theres'), ('threat', 'humans'), ('legitimate', 'threat'), ('jobs', 'legitimate'), ('taking', 'jobs')]",4.67578125
50,https://www.exeterpremedia.com/wp-content/uploads/2019/06/journal-of-royal-medical-service.webp,N/A,N/A,yes,no,"['Exeter', 'LinkedIn', 'US', 'Policy', 'us', 'SERVICES', 'Chinese', 'Agree', 'Sign', 'Us', 'The', 'PDF', 'About', 'Privacy', '2019', 'Contact', 'Make', 'Premedia', 'collaboration']","[('Service', 'Exeter'), ('Premedia', 'Service'), ('Read', 'More'), ('collaboration', 'work'), ('Making', 'collaboration'), ('work', 'together'), ('AI', 'Replace'), ('Kriya', 'HappyAuthors'), ('London', 'UK'), ('achieve', 'goals'), ('Schedule', 'Demo'), ('technology', 'huge'), ('doubt', 'cuttingedge'), ('Theres', 'doubt'), ('humans', 'Theres'), ('threat', 'humans'), ('legitimate', 'threat'), ('jobs', 'legitimate'), ('taking', 'jobs')]",17.67578125
51,https://www.linkedin.com/feed/hashtag/?keywords=%23Epublishing,Sign Up | LinkedIn,"500 million+ members | Manage your professional identity. Build and engage with your professional network. Access knowledge, insights and opportunities.",no,yes,"['Exeter', 'LinkedIn', 'US', 'Policy', 'us', 'SERVICES', 'Chinese', 'Agree', 'Sign', 'Us', 'The', 'PDF', 'About', 'Privacy', '2019', 'Make', 'Contact', 'Premedia', 'collaboration']","[('Service', 'Exeter'), ('Premedia', 'Service'), ('Read', 'More'), ('collaboration', 'work'), ('Making', 'collaboration'), ('work', 'together'), ('AI', 'Replace'), ('Kriya', 'HappyAuthors'), ('London', 'UK'), ('achieve', 'goals'), ('Schedule', 'Demo'), ('technology', 'huge'), ('doubt', 'cuttingedge'), ('Theres', 'doubt'), ('humans', 'Theres'), ('threat', 'humans'), ('legitimate', 'threat'), ('jobs', 'legitimate'), ('taking', 'jobs')]",24.50390625
52,https://www.linkedin.com/feed/hashtag/?keywords=%23Kriya,Sign Up | LinkedIn,"500 million+ members | Manage your professional identity. Build and engage with your professional network. Access knowledge, insights and opportunities.",no,yes,"['LinkedIn', 'Exeter', 'US', 'Policy', 'Chinese', 'Agree', 'Sign', 'us', 'SERVICES', 'Us', 'The', 'PDF', 'Privacy', 'About', 'Make', '2019', 'Contact', 'Premedia', 'collaboration']","[('Service', 'Exeter'), ('Premedia', 'Service'), ('Read', 'More'), ('collaboration', 'work'), ('Making', 'collaboration'), ('work', 'together'), ('AI', 'Replace'), ('Kriya', 'HappyAuthors'), ('London', 'UK'), ('achieve', 'goals'), ('Schedule', 'Demo'), ('technology', 'huge'), ('doubt', 'cuttingedge'), ('Theres', 'doubt'), ('humans', 'Theres'), ('threat', 'humans'), ('legitimate', 'threat'), ('jobs', 'legitimate'), ('taking', 'jobs')]",24.3798828125
53,https://www.exeterpremedia.com/news/,Exeter - News,Check out latest news stories and press releases of Exeter and Kriya.,yes,no,"['Exeter', 'LinkedIn', 'US', 'Policy', 'SERVICES', 'us', 'Chinese', 'Agree', 'Sign', 'Us', 'The', 'About', 'India', 'Premedia', 'Privacy', 'PDF', '2019', 'Contact', 'Make']","[('Service', 'Exeter'), ('Premedia', 'Service'), ('Exeter', 'Premedia'), ('Solutions', 'India'), ('Digital', 'Solutions'), ('Read', 'More'), ('India', '2018'), ('collaboration', 'work'), ('Making', 'collaboration'), ('CEO', 'Exeter'), ('work', 'together'), ('AI', 'Replace'), ('Kriya', 'HappyAuthors'), ('Kriya', 'Packager'), ('Venkataramani', 'CEO'), ('Publishers', 'Weekly'), ('London', 'UK'), ('achieve', 'goals'), ('Schedule', 'Demo')]",127.265625
54,https://www.exeterpremedia.com/wp-content/uploads/2019/06/wit-press.webp,N/A,N/A,yes,no,"['Exeter', 'LinkedIn', 'US', 'Policy', 'SERVICES', 'us', 'Chinese', 'Agree', 'Sign', 'Us', 'The', 'About', 'India', 'Premedia', 'Privacy', 'PDF', '2019', 'Contact', 'Make']","[('Service', 'Exeter'), ('Premedia', 'Service'), ('Exeter', 'Premedia'), ('Solutions', 'India'), ('Digital', 'Solutions'), ('Read', 'More'), ('India', '2018'), ('collaboration', 'work'), ('Making', 'collaboration'), ('CEO', 'Exeter'), ('work', 'together'), ('AI', 'Replace'), ('Kriya', 'HappyAuthors'), ('Kriya', 'Packager'), ('Venkataramani', 'CEO'), ('Publishers', 'Weekly'), ('London', 'UK'), ('achieve', 'goals'), ('Schedule', 'Demo')]",10.728515625
55,https://www.linkedin.com/feed/hashtag/?keywords=%23FrankfurtBookFair2019,Sign Up | LinkedIn,"500 million+ members | Manage your professional identity. Build and engage with your professional network. Access knowledge, insights and opportunities.",no,yes,"['Exeter', 'LinkedIn', 'US', 'Policy', 'SERVICES', 'us', 'Chinese', 'Agree', 'Sign', 'Us', 'The', 'About', 'Privacy', 'India', 'Premedia', 'PDF', '2019', 'Make', 'Contact']","[('Service', 'Exeter'), ('Premedia', 'Service'), ('Exeter', 'Premedia'), ('Solutions', 'India'), ('Digital', 'Solutions'), ('Read', 'More'), ('India', '2018'), ('collaboration', 'work'), ('Making', 'collaboration'), ('CEO', 'Exeter'), ('work', 'together'), ('AI', 'Replace'), ('Kriya', 'HappyAuthors'), ('Kriya', 'Packager'), ('Venkataramani', 'CEO'), ('Publishers', 'Weekly'), ('London', 'UK'), ('achieve', 'goals'), ('Schedule', 'Demo')]",24.4580078125
56,https://www.exeterpremedia.com/wp-content/uploads/2019/06/business-expert-press.webp,N/A,N/A,yes,no,"['Exeter', 'LinkedIn', 'US', 'Policy', 'SERVICES', 'us', 'Chinese', 'Agree', 'Sign', 'Us', 'The', 'About', 'Privacy', 'India', 'Premedia', 'PDF', '2019', 'Make', 'Contact']","[('Service', 'Exeter'), ('Premedia', 'Service'), ('Exeter', 'Premedia'), ('Solutions', 'India'), ('Digital', 'Solutions'), ('Read', 'More'), ('India', '2018'), ('collaboration', 'work'), ('Making', 'collaboration'), ('CEO', 'Exeter'), ('work', 'together'), ('AI', 'Replace'), ('Kriya', 'HappyAuthors'), ('Kriya', 'Packager'), ('Venkataramani', 'CEO'), ('Publishers', 'Weekly'), ('London', 'UK'), ('achieve', 'goals'), ('Schedule', 'Demo')]",11.337890625
57,https://www.exeterpremedia.com/wp-content/uploads/2019/06/atma-global-inc.webp,N/A,N/A,yes,no,"['Exeter', 'LinkedIn', 'US', 'Policy', 'SERVICES', 'us', 'Chinese', 'Agree', 'Sign', 'Us', 'The', 'About', 'Privacy', 'India', 'Premedia', 'PDF', '2019', 'Make', 'Contact']","[('Service', 'Exeter'), ('Premedia', 'Service'), ('Exeter', 'Premedia'), ('Solutions', 'India'), ('Digital', 'Solutions'), ('Read', 'More'), ('India', '2018'), ('collaboration', 'work'), ('Making', 'collaboration'), ('CEO', 'Exeter'), ('work', 'together'), ('AI', 'Replace'), ('Kriya', 'HappyAuthors'), ('Kriya', 'Packager'), ('Venkataramani', 'CEO'), ('Publishers', 'Weekly'), ('London', 'UK'), ('achieve', 'goals'), ('Schedule', 'Demo')]",8.087890625
58,https://www.exeterpremedia.com/services/,Exeter - Services,"Exeter provides editorial services such copyediting, proofreading and indexing, XML conversion services, artwork services and project management services.",yes,no,"['Exeter', 'US', 'LinkedIn', 'Policy', 'SERVICES', 'us', 'Chinese', 'Agree', 'Sign', 'Us', 'services', 'The', 'About', 'Services', 'India', 'Privacy', 'PDF', 'Premedia', 'content']","[('Service', 'Exeter'), ('Premedia', 'Service'), ('Exeter', 'Premedia'), ('Artwork', 'Design'), ('Solutions', 'India'), ('Digital', 'Solutions'), ('Read', 'More'), ('Project', 'Management'), ('Data', 'Services'), ('Editorial', 'Services'), ('India', '2018'), ('collaboration', 'work'), ('Making', 'collaboration'), ('CEO', 'Exeter'), ('work', 'together'), ('AI', 'Replace'), ('Kriya', 'HappyAuthors'), ('Design', 'services'), ('page', 'composition')]",126.919921875
59,https://www.exeterpremedia.com/2019/02/,February 2019 - Exeter,N/A,yes,no,"['Exeter', 'US', 'LinkedIn', 'Policy', 'SERVICES', 'us', 'Us', 'services', 'Chinese', 'Agree', 'Sign', 'About', 'India', 'The', 'Services', 'Privacy', '2019', 'PDF', 'Contact']","[('Service', 'Exeter'), ('Premedia', 'Service'), ('Exeter', 'Premedia'), ('Artwork', 'Design'), ('Solutions', 'India'), ('Digital', 'Solutions'), ('Read', 'More'), ('Project', 'Management'), ('Data', 'Services'), ('Editorial', 'Services'), ('India', '2018'), ('collaboration', 'work'), ('Making', 'collaboration'), ('CEO', 'Exeter'), ('work', 'together'), ('AI', 'Replace'), ('Kriya', 'HappyAuthors'), ('Design', 'services'), ('page', 'composition')]",120.9423828125
60,https://www.linkedin.com/feed/hashtag/?keywords=%23DigitalSolution,Sign Up | LinkedIn,"500 million+ members | Manage your professional identity. Build and engage with your professional network. Access knowledge, insights and opportunities.",no,yes,"['Exeter', 'US', 'LinkedIn', 'Policy', 'SERVICES', 'us', 'Us', 'Chinese', 'Agree', 'Sign', 'services', 'About', 'India', 'The', 'Services', 'Privacy', '2019', 'PDF', 'Contact']","[('Service', 'Exeter'), ('Premedia', 'Service'), ('Exeter', 'Premedia'), ('Artwork', 'Design'), ('Solutions', 'India'), ('Digital', 'Solutions'), ('Read', 'More'), ('Project', 'Management'), ('Data', 'Services'), ('Editorial', 'Services'), ('India', '2018'), ('collaboration', 'work'), ('Making', 'collaboration'), ('CEO', 'Exeter'), ('work', 'together'), ('AI', 'Replace'), ('Kriya', 'HappyAuthors'), ('Design', 'services'), ('page', 'composition')]",24.3955078125
61,https://www.exeterpremedia.com/terms-and-conditions/,Terms and Conditions - Exeter,N/A,yes,no,"['Services', 'us', 'Exeter', 'US', 'Terms', 'LinkedIn', 'SERVICES', 'Policy', 'We', 'services', 'Us', 'The', 'About', 'Chinese', 'Agree', 'Sign', 'use', 'Privacy', 'India']","[('Confidential', 'Information'), ('Receiving', 'Party'), ('use', 'Services'), ('authorized', 'users'), ('third', 'party'), ('Disclosing', 'Party'), ('Customer', 'Data'), ('You', 'agree'), ('Disclosing', 'Partys'), ('access', 'use'), ('Service', 'Exeter'), ('Premedia', 'Service'), ('OUR', 'SERVICES'), ('Services', 'documentation'), ('Artwork', 'Design'), ('Solutions', 'India'), ('Digital', 'Solutions'), ('Read', 'More'), ('These', 'Terms')]",124.353515625
62,https://www.exeterpremedia.com/wp-content/uploads/2019/06/sage-publishing.webp,N/A,N/A,yes,no,"['Services', 'us', 'Exeter', 'US', 'Terms', 'LinkedIn', 'SERVICES', 'Policy', 'We', 'services', 'Us', 'The', 'About', 'Chinese', 'Agree', 'Sign', 'use', 'Privacy', 'India']","[('Confidential', 'Information'), ('Receiving', 'Party'), ('use', 'Services'), ('authorized', 'users'), ('third', 'party'), ('Disclosing', 'Party'), ('Customer', 'Data'), ('You', 'agree'), ('Disclosing', 'Partys'), ('access', 'use'), ('Service', 'Exeter'), ('Premedia', 'Service'), ('OUR', 'SERVICES'), ('Services', 'documentation'), ('Artwork', 'Design'), ('Solutions', 'India'), ('Digital', 'Solutions'), ('Read', 'More'), ('These', 'Terms')]",11.623046875
63,https://www.exeterpremedia.com/exeter-privacy-policy/,Exeter - Privacy Policy - Exeter,"Our Privacy Policy to explain our practices regarding the collection, use and sharing of your data while using our products and services.",yes,no,"['Services', 'us', 'US', 'Exeter', 'Policy', 'We', 'Terms', 'SERVICES', 'LinkedIn', 'information', 'services', 'Information', 'Privacy', 'use', 'may', 'Us', 'The', 'About', 'India']","[('Personal', 'Information'), ('Confidential', 'Information'), ('Receiving', 'Party'), ('use', 'Services'), ('Privacy', 'Policy'), ('authorized', 'users'), ('We', 'may'), ('Disclosing', 'Party'), ('Customer', 'Data'), ('You', 'agree'), ('Disclosing', 'Partys'), ('Service', 'Exeter'), ('Premedia', 'Service'), ('OUR', 'SERVICES'), ('Services', 'documentation'), ('products', 'services'), ('Artwork', 'Design'), ('Solutions', 'India'), ('Digital', 'Solutions')]",119.271484375
64,https://www.linkedin.com/feed/hashtag/?keywords=%23AutomationPlatform,Sign Up | LinkedIn,"500 million+ members | Manage your professional identity. Build and engage with your professional network. Access knowledge, insights and opportunities.",no,yes,"['Services', 'us', 'US', 'Exeter', 'Policy', 'We', 'Terms', 'LinkedIn', 'SERVICES', 'information', 'services', 'Privacy', 'Information', 'use', 'may', 'Us', 'The', 'About', 'Chinese']","[('Personal', 'Information'), ('Confidential', 'Information'), ('Receiving', 'Party'), ('use', 'Services'), ('authorized', 'users'), ('We', 'may'), ('Disclosing', 'Party'), ('Customer', 'Data'), ('You', 'agree'), ('Disclosing', 'Partys'), ('Service', 'Exeter'), ('Premedia', 'Service'), ('OUR', 'SERVICES'), ('Services', 'documentation'), ('products', 'services'), ('Artwork', 'Design'), ('Solutions', 'India'), ('Digital', 'Solutions'), ('Read', 'More')]",24.5048828125
65,https://www.exeterpremedia.com/wp-content/uploads/2019/06/walter-de-gruyter-gmbh-co.-kg.webp,N/A,N/A,yes,no,"['Services', 'us', 'US', 'Exeter', 'Policy', 'We', 'Terms', 'LinkedIn', 'SERVICES', 'information', 'services', 'Privacy', 'Information', 'use', 'may', 'Us', 'The', 'About', 'Chinese']","[('Personal', 'Information'), ('Confidential', 'Information'), ('Receiving', 'Party'), ('use', 'Services'), ('authorized', 'users'), ('We', 'may'), ('Disclosing', 'Party'), ('Customer', 'Data'), ('You', 'agree'), ('Disclosing', 'Partys'), ('Service', 'Exeter'), ('Premedia', 'Service'), ('OUR', 'SERVICES'), ('Services', 'documentation'), ('products', 'services'), ('Artwork', 'Design'), ('Solutions', 'India'), ('Digital', 'Solutions'), ('Read', 'More')]",4.044921875
66,https://www.exeterpremedia.com/wp-content/uploads/2019/06/paths-international.webp,N/A,N/A,yes,no,"['Services', 'us', 'US', 'Exeter', 'Policy', 'We', 'Terms', 'LinkedIn', 'SERVICES', 'information', 'services', 'Privacy', 'Information', 'use', 'may', 'Us', 'The', 'About', 'Chinese']","[('Personal', 'Information'), ('Confidential', 'Information'), ('Receiving', 'Party'), ('use', 'Services'), ('authorized', 'users'), ('We', 'may'), ('Disclosing', 'Party'), ('Customer', 'Data'), ('You', 'agree'), ('Disclosing', 'Partys'), ('Service', 'Exeter'), ('Premedia', 'Service'), ('OUR', 'SERVICES'), ('Services', 'documentation'), ('products', 'services'), ('Artwork', 'Design'), ('Solutions', 'India'), ('Digital', 'Solutions'), ('Read', 'More')]",7.1640625
67,https://www.exeterpremedia.com/services/#Editorial_Services,Exeter - Services,"Exeter provides editorial services such copyediting, proofreading and indexing, XML conversion services, artwork services and project management services.",yes,no,"['Services', 'us', 'We', 'US', 'Exeter', 'Policy', 'services', 'Terms', 'SERVICES', 'LinkedIn', 'information', 'Privacy', 'Information', 'use', 'may', 'Us', 'The', 'About', 'India']","[('Personal', 'Information'), ('Confidential', 'Information'), ('Receiving', 'Party'), ('use', 'Services'), ('authorized', 'users'), ('We', 'may'), ('Disclosing', 'Party'), ('Customer', 'Data'), ('You', 'agree'), ('Disclosing', 'Partys'), ('Service', 'Exeter'), ('Premedia', 'Service'), ('OUR', 'SERVICES'), ('Services', 'documentation'), ('products', 'services'), ('Artwork', 'Design'), ('Solutions', 'India'), ('Digital', 'Solutions'), ('Read', 'More')]",126.919921875
68,https://www.exeterpremedia.com/wp-content/uploads/2019/06/the-british-editorial-society-of-bone-joint-surgery.webp,N/A,N/A,yes,no,"['Services', 'us', 'We', 'US', 'Exeter', 'Policy', 'services', 'Terms', 'SERVICES', 'LinkedIn', 'information', 'Privacy', 'Information', 'use', 'may', 'Us', 'The', 'About', 'India']","[('Personal', 'Information'), ('Confidential', 'Information'), ('Receiving', 'Party'), ('use', 'Services'), ('authorized', 'users'), ('We', 'may'), ('Disclosing', 'Party'), ('Customer', 'Data'), ('You', 'agree'), ('Disclosing', 'Partys'), ('Service', 'Exeter'), ('Premedia', 'Service'), ('OUR', 'SERVICES'), ('Services', 'documentation'), ('products', 'services'), ('Artwork', 'Design'), ('Solutions', 'India'), ('Digital', 'Solutions'), ('Read', 'More')]",11.125
69,https://www.exeterpremedia.com/services/#Artwork,Exeter - Services,"Exeter provides editorial services such copyediting, proofreading and indexing, XML conversion services, artwork services and project management services.",yes,no,"['Services', 'We', 'us', 'US', 'services', 'Exeter', 'Policy', 'SERVICES', 'Terms', 'LinkedIn', 'information', 'Privacy', 'Information', 'Us', 'may', 'use', 'publishers', 'The', 'About']","[('Personal', 'Information'), ('Confidential', 'Information'), ('Receiving', 'Party'), ('use', 'Services'), ('authorized', 'users'), ('We', 'may'), ('Disclosing', 'Party'), ('Customer', 'Data'), ('You', 'agree'), ('Disclosing', 'Partys'), ('Service', 'Exeter'), ('Premedia', 'Service'), ('OUR', 'SERVICES'), ('Services', 'documentation'), ('products', 'services'), ('Artwork', 'Design'), ('Solutions', 'India'), ('Digital', 'Solutions'), ('Read', 'More')]",126.919921875
70,https://www.exeterpremedia.com/wp-content/uploads/2019/06/john-benjamins-publishing-company.webp,N/A,N/A,yes,no,"['Services', 'We', 'us', 'US', 'services', 'Exeter', 'Policy', 'SERVICES', 'Terms', 'LinkedIn', 'information', 'Privacy', 'Information', 'Us', 'may', 'use', 'publishers', 'The', 'About']","[('Personal', 'Information'), ('Confidential', 'Information'), ('Receiving', 'Party'), ('use', 'Services'), ('authorized', 'users'), ('We', 'may'), ('Disclosing', 'Party'), ('Customer', 'Data'), ('You', 'agree'), ('Disclosing', 'Partys'), ('Service', 'Exeter'), ('Premedia', 'Service'), ('OUR', 'SERVICES'), ('Services', 'documentation'), ('products', 'services'), ('Artwork', 'Design'), ('Solutions', 'India'), ('Digital', 'Solutions'), ('Read', 'More')]",13.013671875
71,https://www.linkedin.com/feed/hashtag/?keywords=%23HappyAuthors,Sign Up | LinkedIn,"500 million+ members | Manage your professional identity. Build and engage with your professional network. Access knowledge, insights and opportunities.",no,yes,"['Services', 'We', 'us', 'US', 'services', 'Policy', 'Exeter', 'SERVICES', 'Terms', 'LinkedIn', 'information', 'Privacy', 'Information', 'Us', 'may', 'use', 'publishers', 'The', 'About']","[('Personal', 'Information'), ('Confidential', 'Information'), ('Receiving', 'Party'), ('use', 'Services'), ('authorized', 'users'), ('We', 'may'), ('Disclosing', 'Party'), ('Customer', 'Data'), ('You', 'agree'), ('Disclosing', 'Partys'), ('Service', 'Exeter'), ('Premedia', 'Service'), ('OUR', 'SERVICES'), ('Services', 'documentation'), ('products', 'services'), ('Artwork', 'Design'), ('Solutions', 'India'), ('Digital', 'Solutions'), ('Read', 'More')]",24.4140625
72,https://www.exeterpremedia.com/services/#Data_Services,Exeter - Services,"Exeter provides editorial services such copyediting, proofreading and indexing, XML conversion services, artwork services and project management services.",yes,no,"['Services', 'We', 'services', 'us', 'US', 'Policy', 'Exeter', 'SERVICES', 'Terms', 'LinkedIn', 'publishers', 'information', 'content', 'Privacy', 'Us', 'Information', 'The', 'may', 'About']","[('Personal', 'Information'), ('Confidential', 'Information'), ('Receiving', 'Party'), ('use', 'Services'), ('authorized', 'users'), ('We', 'may'), ('Disclosing', 'Party'), ('Customer', 'Data'), ('You', 'agree'), ('Disclosing', 'Partys'), ('Service', 'Exeter'), ('Premedia', 'Service'), ('OUR', 'SERVICES'), ('Services', 'documentation'), ('products', 'services'), ('Artwork', 'Design'), ('Solutions', 'India'), ('Digital', 'Solutions'), ('Read', 'More')]",126.919921875
73,https://www.exeterpremedia.com/,Exeter - Happy Authors and Delighted Publishers,Transform production into a profit centre with Kriya cloud-based publishing platform and end-to-end publishing services from Exeter.,yes,no,"['Services', 'We', 'services', 'us', 'Exeter', 'US', 'Policy', 'SERVICES', 'Terms', 'LinkedIn', 'publishers', 'information', 'Us', 'Privacy', 'content', 'About', 'Information', 'The', 'may']","[('Personal', 'Information'), ('Exeter', 'Premedia'), ('Confidential', 'Information'), ('Receiving', 'Party'), ('use', 'Services'), ('authorized', 'users'), ('We', 'may'), ('Disclosing', 'Party'), ('Customer', 'Data'), ('You', 'agree'), ('Disclosing', 'Partys'), ('Service', 'Exeter'), ('Premedia', 'Service'), ('OUR', 'SERVICES'), ('Services', 'documentation'), ('products', 'services'), ('Artwork', 'Design'), ('Solutions', 'India'), ('Digital', 'Solutions')]",157.7041015625
74,https://www.exeterpremedia.com/services/#Project_Management,Exeter - Services,"Exeter provides editorial services such copyediting, proofreading and indexing, XML conversion services, artwork services and project management services.",yes,no,"['Services', 'We', 'services', 'us', 'US', 'Exeter', 'SERVICES', 'Policy', 'publishers', 'Terms', 'LinkedIn', 'content', 'Us', 'information', 'Our', 'Privacy', 'About', 'The', 'authors']","[('Personal', 'Information'), ('Exeter', 'Premedia'), ('Confidential', 'Information'), ('Receiving', 'Party'), ('use', 'Services'), ('authorized', 'users'), ('We', 'may'), ('Disclosing', 'Party'), ('Customer', 'Data'), ('You', 'agree'), ('Disclosing', 'Partys'), ('Service', 'Exeter'), ('Premedia', 'Service'), ('OUR', 'SERVICES'), ('Services', 'documentation'), ('products', 'services'), ('Artwork', 'Design'), ('Solutions', 'India'), ('Digital', 'Solutions')]",126.919921875
75,https://www.exeterpremedia.com/2018/02/,February 2018 - Exeter,N/A,yes,no,"['Services', 'We', 'services', 'US', 'us', 'Exeter', 'SERVICES', 'Policy', 'publishers', 'Terms', 'Us', 'LinkedIn', 'content', 'information', 'About', 'Our', 'Privacy', 'The', 'authors']","[('Personal', 'Information'), ('Exeter', 'Premedia'), ('Confidential', 'Information'), ('Receiving', 'Party'), ('use', 'Services'), ('authorized', 'users'), ('We', 'may'), ('Disclosing', 'Party'), ('Customer', 'Data'), ('You', 'agree'), ('Disclosing', 'Partys'), ('Service', 'Exeter'), ('Premedia', 'Service'), ('OUR', 'SERVICES'), ('Services', 'documentation'), ('products', 'services'), ('Artwork', 'Design'), ('Solutions', 'India'), ('Digital', 'Solutions')]",110.142578125
76,https://www.linkedin.com/in/augustine-k/,N/A,N/A,no,yes,"['Services', 'We', 'services', 'US', 'us', 'Exeter', 'SERVICES', 'Policy', 'publishers', 'Terms', 'Us', 'LinkedIn', 'content', 'information', 'About', 'Our', 'Privacy', 'The', 'authors']","[('Personal', 'Information'), ('Exeter', 'Premedia'), ('Confidential', 'Information'), ('Receiving', 'Party'), ('use', 'Services'), ('authorized', 'users'), ('We', 'may'), ('Disclosing', 'Party'), ('Customer', 'Data'), ('You', 'agree'), ('Disclosing', 'Partys'), ('Service', 'Exeter'), ('Premedia', 'Service'), ('OUR', 'SERVICES'), ('Services', 'documentation'), ('products', 'services'), ('Artwork', 'Design'), ('Solutions', 'India'), ('Digital', 'Solutions')]",N/A
77,https://www.linkedin.com/feed/hashtag/?keywords=%23YAH,Sign Up | LinkedIn,"500 million+ members | Manage your professional identity. Build and engage with your professional network. Access knowledge, insights and opportunities.",no,yes,"['Services', 'We', 'services', 'US', 'us', 'Exeter', 'SERVICES', 'Policy', 'publishers', 'Terms', 'LinkedIn', 'Us', 'content', 'information', 'About', 'Our', 'Privacy', 'The', 'authors']","[('Personal', 'Information'), ('Exeter', 'Premedia'), ('Confidential', 'Information'), ('Receiving', 'Party'), ('use', 'Services'), ('authorized', 'users'), ('We', 'may'), ('Disclosing', 'Party'), ('Customer', 'Data'), ('You', 'agree'), ('Disclosing', 'Partys'), ('Service', 'Exeter'), ('Premedia', 'Service'), ('OUR', 'SERVICES'), ('Services', 'documentation'), ('products', 'services'), ('Artwork', 'Design'), ('Solutions', 'India'), ('Digital', 'Solutions')]",24.3369140625
78,https://www.exeterpremedia.com/why-do-i-need-another-id/,Why do I need another ID? - Exeter,N/A,yes,no,"['Services', 'We', 'services', 'US', 'us', 'Exeter', 'SERVICES', 'Policy', 'publishers', 'Terms', 'Us', 'LinkedIn', 'content', 'About', 'information', 'Privacy', 'The', 'Our', 'authors']","[('Personal', 'Information'), ('Exeter', 'Premedia'), ('Confidential', 'Information'), ('Receiving', 'Party'), ('use', 'Services'), ('authorized', 'users'), ('We', 'may'), ('Disclosing', 'Party'), ('Customer', 'Data'), ('You', 'agree'), ('Disclosing', 'Partys'), ('Service', 'Exeter'), ('Premedia', 'Service'), ('OUR', 'SERVICES'), ('Services', 'documentation'), ('products', 'services'), ('Artwork', 'Design'), ('Solutions', 'India'), ('Digital', 'Solutions')]",122.9638671875
79,https://www.exeterpremedia.com/client/,Client - Exeter,N/A,yes,no,"['Services', 'We', 'services', 'US', 'us', 'Exeter', 'SERVICES', 'Policy', 'publishers', 'Terms', 'Us', 'LinkedIn', 'About', 'content', 'Privacy', 'information', 'The', 'Our', 'India']","[('Personal', 'Information'), ('Exeter', 'Premedia'), ('Confidential', 'Information'), ('Receiving', 'Party'), ('use', 'Services'), ('authorized', 'users'), ('We', 'may'), ('Disclosing', 'Party'), ('Customer', 'Data'), ('You', 'agree'), ('Disclosing', 'Partys'), ('Service', 'Exeter'), ('Premedia', 'Service'), ('OUR', 'SERVICES'), ('Services', 'documentation'), ('products', 'services'), ('Artwork', 'Design'), ('Solutions', 'India'), ('Digital', 'Solutions')]",123.2265625
80,https://www.exeterpremedia.com/wp-content/uploads/2019/06/elife-science-publications-ltd.webp,N/A,N/A,yes,no,"['Services', 'We', 'services', 'US', 'us', 'Exeter', 'SERVICES', 'Policy', 'publishers', 'Terms', 'Us', 'LinkedIn', 'About', 'content', 'Privacy', 'information', 'The', 'Our', 'India']","[('Personal', 'Information'), ('Exeter', 'Premedia'), ('Confidential', 'Information'), ('Receiving', 'Party'), ('use', 'Services'), ('authorized', 'users'), ('We', 'may'), ('Disclosing', 'Party'), ('Customer', 'Data'), ('You', 'agree'), ('Disclosing', 'Partys'), ('Service', 'Exeter'), ('Premedia', 'Service'), ('OUR', 'SERVICES'), ('Services', 'documentation'), ('products', 'services'), ('Artwork', 'Design'), ('Solutions', 'India'), ('Digital', 'Solutions')]",9.712890625
